[
    {
        "id": 1,
        "titulo": "Roupas",
        "texto": "Pellentesque molestie diam lacus, ut sollicitudin mauris cursus vitae. Sed est orci, facilisis eu metus vel, ut sollicitudin mauris cursus vitae. Sed est orci, facilisis eu metus veloc.",
        "textob": "Pellentesque molestie diam lacus, ut sollicitudin mauris cursus vitae. Sed est orci, facilisis eu metus vel, maximus pretium est. Donec non gravida ligula. Fusce ac imperdiet lorem. Mauris feugiat tortor libero, non tempus nibh mattis eu. Quisque rhoncus libero bibendum sodales dapibus. Orci varius natoque penatibus et magnis dis parturient montes, nascetur ridiculus mus. Integer fermentum cursus pellentesque. Mauris eget elit rutrum, eleifend tortor sed, vehicula ante. Cras sed orci vel purus malesuada ultricies. Sed quis porttitor nibh. Praesent in massa tellus. In eget hendrerit massa. Mauris ut leo a purus aliquet rutrum.\r\n Sed tristique lectus commodo, scelerisque mauris a, porta odio. Vestibulum tincidunt libero id mi auctor, a elementum ligula pharetra. Ut finibus nibh a arcu suscipit, et vulputate leo semper. Fusce vulputate ipsum ac pellentesque hendrerit. Nullam pretium tincidunt mollis. Praesent nec lectus ac est commodo gravida ac ac orci. In elit arcu, porttitor in arcu et, ultrices viverra risus. Mauris a ante nibh. Praesent id sollicitudin magna, et eleifend elit.",
        "textoc": "Pellentesque molestie diam lacus, ut sollicitudin mauris cursus vitae. Sed est orci, facilisis eu metus vel, maximus pretium est. Donec non gravida ligula. Fusce ac imperdiet lorem. Mauris feugiat tortor libero, non tempus nibh mattis eu. Quisque rhoncus libero bibendum sodales dapibus. Orci varius natoque penatibus et magnis dis parturient montes, nascetur ridiculus mus. Integer fermentum cursus pellentesque. Mauris eget elit rutrum, eleifend tortor sed, Pellentesque molestie diam lacus, ut sollicitudin mauris cursus vitae. Sed est orci, facilisis eu metus vel, maximus pretium est. Donec non gravida ligula. Fusce ac imperdiet lorem. Mauris feugiat tortor libero, non tempus nibh mattis eu. Quisque rhoncus libero bibendum sodales dapibus. Orci.",
        "imagem": {
            "nome": "RoupasDanca",
            "ext": ".jpg",
            "alt": "duas mo\u00e7as mo\u00e7as japonesas com roupas tipicas de dan\u00e7a japonesa"
        }
    }, {
        "id": 2,
        "titulo": "Bon Odori",
        "texto": "Pellentesque molestie diam lacus, ut sollicitudin mauris cursus vitae. Sed est orci, facilisis eu metus vel, ut sollicitudin mauris cursus vitae. Sed est orci, facilisis eu metus veloc.",
        "textob": "Pellentesque molestie diam lacus, ut sollicitudin mauris cursus vitae. Sed est orci, facilisis eu metus vel, maximus pretium est. Donec non gravida ligula. Fusce ac imperdiet lorem. Mauris feugiat tortor libero, non tempus nibh mattis eu. Quisque rhoncus libero bibendum sodales dapibus. Orci varius natoque penatibus et magnis dis parturient montes, nascetur ridiculus mus. Integer fermentum cursus pellentesque. Mauris eget elit rutrum, eleifend tortor sed, vehicula ante. Cras sed orci vel purus malesuada ultricies. Sed quis porttitor nibh. Praesent in massa tellus. In eget hendrerit massa. Mauris ut leo a purus aliquet rutrum.\r\n Sed tristique lectus commodo, scelerisque mauris a, porta odio. Vestibulum tincidunt libero id mi auctor, a elementum ligula pharetra. Ut finibus nibh a arcu suscipit, et vulputate leo semper. Fusce vulputate ipsum ac pellentesque hendrerit. Nullam pretium tincidunt mollis. Praesent nec lectus ac est commodo gravida ac ac orci. In elit arcu, porttitor in arcu et, ultrices viverra risus. Mauris a ante nibh. Praesent id sollicitudin magna, et eleifend elit.",
        "textoc": "Pellentesque molestie diam lacus, ut sollicitudin mauris cursus vitae. Sed est orci, facilisis eu metus vel, maximus pretium est. Donec non gravida ligula. Fusce ac imperdiet lorem. Mauris feugiat tortor libero, non tempus nibh mattis eu. Quisque rhoncus libero bibendum sodales dapibus. Orci varius natoque penatibus et magnis dis parturient montes, nascetur ridiculus mus. Integer fermentum cursus pellentesque. Mauris eget elit rutrum, eleifend tortor sed, Pellentesque molestie diam lacus, ut sollicitudin mauris cursus vitae. Sed est orci, facilisis eu metus vel, maximus pretium est. Donec non gravida ligula. Fusce ac imperdiet lorem. Mauris feugiat tortor libero, non tempus nibh mattis eu. Quisque rhoncus libero bibendum sodales dapibus. Orci.",
        "imagem": {
            "nome": "BonodriDanca",
            "ext": ".jpg",
            "alt": "Mulher tocando um tambor em um festival de dan\u00e7a japones"
        }
    }, {
        "id": 3,
        "titulo": "Lenda dan\u00e7a",
        "texto": "Pellentesque molestie diam lacus, ut sollicitudin mauris cursus vitae. Sed est orci, facilisis eu metus vel, ut sollicitudin mauris cursus vitae. Sed est orci, facilisis eu metus veloc.",
        "textob": "Pellentesque molestie diam lacus, ut sollicitudin mauris cursus vitae. Sed est orci, facilisis eu metus vel, maximus pretium est. Donec non gravida ligula. Fusce ac imperdiet lorem. Mauris feugiat tortor libero, non tempus nibh mattis eu. Quisque rhoncus libero bibendum sodales dapibus. Orci varius natoque penatibus et magnis dis parturient montes, nascetur ridiculus mus. Integer fermentum cursus pellentesque. Mauris eget elit rutrum, eleifend tortor sed, vehicula ante. Cras sed orci vel purus malesuada ultricies. Sed quis porttitor nibh. Praesent in massa tellus. In eget hendrerit massa. Mauris ut leo a purus aliquet rutrum.\r\n Sed tristique lectus commodo, scelerisque mauris a, porta odio. Vestibulum tincidunt libero id mi auctor, a elementum ligula pharetra. Ut finibus nibh a arcu suscipit, et vulputate leo semper. Fusce vulputate ipsum ac pellentesque hendrerit. Nullam pretium tincidunt mollis. Praesent nec lectus ac est commodo gravida ac ac orci. In elit arcu, porttitor in arcu et, ultrices viverra risus. Mauris a ante nibh. Praesent id sollicitudin magna, et eleifend elit.",
        "textoc": "Pellentesque molestie diam lacus, ut sollicitudin mauris cursus vitae. Sed est orci, facilisis eu metus vel, maximus pretium est. Donec non gravida ligula. Fusce ac imperdiet lorem. Mauris feugiat tortor libero, non tempus nibh mattis eu. Quisque rhoncus libero bibendum sodales dapibus. Orci varius natoque penatibus et magnis dis parturient montes, nascetur ridiculus mus. Integer fermentum cursus pellentesque. Mauris eget elit rutrum, eleifend tortor sed, Pellentesque molestie diam lacus, ut sollicitudin mauris cursus vitae. Sed est orci, facilisis eu metus vel, maximus pretium est. Donec non gravida ligula. Fusce ac imperdiet lorem. Mauris feugiat tortor libero, non tempus nibh mattis eu. Quisque rhoncus libero bibendum sodales dapibus. Orci.",
        "imagem": {
            "nome": "lendaDanca",
            "ext": ".jpg",
            "alt": "Quadro da lenda japonesa sobre o nascimento da dan\u00e7a"
        }
    }, {
        "id": 4,
        "titulo": "O livro Kojiki",
        "texto": "Pellentesque molestie diam lacus, ut sollicitudin mauris cursus vitae. Sed est orci, facilisis eu metus vel, ut sollicitudin mauris cursus vitae. Sed est orci, facilisis eu metus veloc.",
        "textob": "Pellentesque molestie diam lacus, ut sollicitudin mauris cursus vitae. Sed est orci, facilisis eu metus vel, maximus pretium est. Donec non gravida ligula. Fusce ac imperdiet lorem. Mauris feugiat tortor libero, non tempus nibh mattis eu. Quisque rhoncus libero bibendum sodales dapibus. Orci varius natoque penatibus et magnis dis parturient montes, nascetur ridiculus mus. Integer fermentum cursus pellentesque. Mauris eget elit rutrum, eleifend tortor sed, vehicula ante. Cras sed orci vel purus malesuada ultricies. Sed quis porttitor nibh. Praesent in massa tellus. In eget hendrerit massa. Mauris ut leo a purus aliquet rutrum.\r\n Sed tristique lectus commodo, scelerisque mauris a, porta odio. Vestibulum tincidunt libero id mi auctor, a elementum ligula pharetra. Ut finibus nibh a arcu suscipit, et vulputate leo semper. Fusce vulputate ipsum ac pellentesque hendrerit. Nullam pretium tincidunt mollis. Praesent nec lectus ac est commodo gravida ac ac orci. In elit arcu, porttitor in arcu et, ultrices viverra risus. Mauris a ante nibh. Praesent id sollicitudin magna, et eleifend elit.",
        "textoc": "Pellentesque molestie diam lacus, ut sollicitudin mauris cursus vitae. Sed est orci, facilisis eu metus vel, maximus pretium est. Donec non gravida ligula. Fusce ac imperdiet lorem. Mauris feugiat tortor libero, non tempus nibh mattis eu. Quisque rhoncus libero bibendum sodales dapibus. Orci varius natoque penatibus et magnis dis parturient montes, nascetur ridiculus mus. Integer fermentum cursus pellentesque. Mauris eget elit rutrum, eleifend tortor sed, Pellentesque molestie diam lacus, ut sollicitudin mauris cursus vitae. Sed est orci, facilisis eu metus vel, maximus pretium est. Donec non gravida ligula. Fusce ac imperdiet lorem. Mauris feugiat tortor libero, non tempus nibh mattis eu. Quisque rhoncus libero bibendum sodales dapibus. Orci.",
        "imagem": {
            "nome": "KojikiDanca",
            "ext": ".jpg",
            "alt": "Livros velhos"
        }
    }
]
