{
    "nome_grupo": "Ori Art",
    "descricao": "É um portal sobre a arte japonesa, desenvolvido para o projeto integrador da turma do 2º Semestre de sistemas para internet. O grupo se chama Ori Art composto pelos seguintes integrantes:",
    "logo": "logo.svg", 
    "logo2": "logo2.svg",
    "descricao_logo": "O logo foi baseado na cultura japonesa, o circulo da bandeira japonesa, a fonte utilizado foi baseado na grande abrangencia de arvores e natureza da cultura japonesa.",
    "integrantes": [
        {
            "nome": "Mateus",
            "sobre_nome": "Victor Ideriha Rego",
            "links": [
                {
                    "nome": "",
                    "page": "",
                    "descricao": "",
                    "title": ""
                },
                {
                    "nome": "",
                    "page": "",
                    "descricao": "",
                    "title": ""
                }
            ],
            "funcoes": "Gerente",
            "ra": "2650831723021",
            "bibliografia": "Fez curso técnico em informática e em informática para internet na ETEC FERNANDO PRESTES e atualmente aluno na FATEC SÃO ROQUE",
            "imagem": {
                "nome": "mateus",
                "ext": ".jpg",
                "alt": "Imagem do integrando do grupo mateus victor",
                "title": "Foto do Mateus Victor"
            }
        },
        
        {
            "nome": "Jeiel",
            "sobre_nome": "Alves de Oliveira",
            "links": [
                {
                    "nome": "",
                    "page": "",
                    "descricao": "",
                    "title": ""
                },
                {
                    "nome": "",
                    "page": "",
                    "descricao": "",
                    "title": ""
                }
            ],
            "funcoes": "Designer de wireframe e mockups",
            "ra": "2650831723019",
            "bibliografia": "Buscando novas oportunidades na área de dese3nvolvimento web, apaixonado por video-games, adora finanças e busca cada vez mais conhecimento.",
            "imagem": {
                "nome": "jeiel",
                "ext": ".jpg",
                "alt": "Imagem do integrando do grupo mateus victor",
                "title": "Foto do Mateus Victor"
            }
        }
    ]
}
