[
    {
        "id": 1,
        "titulo": "Emakimon",
        "subtitulo": "As raízes do mangá emakimon os primeiro rolos de pintura no japão",
        "texto": "Lorem ipsum dolor sit amet, consectetur adipiscing elit. Maecenas convallis vel nisi suscipit fringilla. Aliquam at maximus ex. Integer sed posuere dui, a pharetra nisi. Fusce eu dapibus ex, sed efficitur nibh. Orci varius natoque penatibus et magnis dis parturient montes, nascetur ridiculus mus. Quisque sed vestibulum massa. Maecenas interdum ex sed nunc vulputate tincidunt. Nulla neque massa, ultricies at mollis ac, pretium vitae justo. Sed ac pharetra risus, sed fringilla lectus.\nSuspendisse potenti. Nam vitae nunc pretium, aliquet sapien quis, porttitor augue. Nam sed ligula nibh. Nam lobortis condimentum diam a convallis. Vestibulum luctus facilisis arcu, a viverra orci ultricies et. Suspendisse porta, nibh non ullamcorper maximus, arcu arcu tristique ipsum, imperdiet elementum sem augue eu ligula. Cras imperdiet ac justo eget suscipit. Maecenas non tellus efficitur, dictum libero et, tristique ligula. Phasellus iaculis leo leo, nec dictum lorem imperdiet eget. Quisque dapibus vehicula magna, at laoreet magna venenatis in. Aenean sollicitudin quis eros vitae laoreet. Donec commodo turpis commodo odio consectetur sollicitudin. Duis vitae porttitor velit.\nEtiam imperdiet, leo sed pretium gravida, augue dolor fermentum magna, ac ullamcorper libero dolor nec nibh. Donec massa tellus, mollis a turpis eget, imperdiet faucibus nibh. Curabitur pellentesque rhoncus pellentesque. Vestibulum ante ipsum primis in faucibus orci luctus et ultrices posuere cubilia Curae; Vivamus et sollicitudin urna. Donec nec ante fringilla, tincidunt nisi at, mollis odio. Curabitur eu eros sapien. Duis sed hendrerit dolor. In tristique, tortor eget luctus pharetra, leo lacus fringilla leo, eu pharetra dui sem at leo. Phasellus et condimentum odio, sit amet pharetra ante. In suscipit lectus eu lacus tincidunt, eu facilisis dolor pulvinar. Etiam diam magna, iaculis non massa ut, tempus dignissim tellus. Morbi ornare aliquam justo vel interdum. Vestibulum vulputate, mi ac eleifend faucibus, est elit porttitor metus, non consequat tortor sem a risus.\nInteger vitae velit gravida, ultricies elit at, auctor augue. Praesent id eros quis lacus vestibulum dignissim. Nulla ut leo et nulla malesuada sodales. Donec sed elit eget arcu lobortis imperdiet eget quis dolor. Sed mollis est purus, vitae convallis tellus vulputate et. Morbi vitae ultrices magna, ut gravida enim. Quisque non mauris a massa lacinia commodo eget ac justo. Mauris pellentesque suscipit tincidunt. Sed cursus leo eget dictum vehicula. Nam egestas eros risus, et interdum arcu auctor non. Nulla non justo viverra, fermentum enim dapibus, euismod neque. Nullam id sagittis sapien. Donec odio ex, imperdiet eget ipsum a, malesuada bibendum nisl. Mauris a pharetra est, a consectetur magna. Etiam eget efficitur lorem, nec lacinia nulla.",
        "categoria": 1,
        "layout": 1,
        "imagem": {
            "nome": "emakimon",
            "ext": ".jpg",
            "alt": "Emakimono schema",
            "title": "Imagem de um emakimon, mostrando ele fechado enrrolado e ele aberto. By User:Binabik155 (commons) [CC BY-SA 3.0 (https://creativecommons.org/licenses/by-sa/3.0)], via Wikimedia Commons",
            "credito": "https://commons.wikimedia.org/wiki/File:Emakimono_schema.png"
        }
    },
    {
        "id": 2,
        "titulo": "A criação de mangás",
        "subtitulo": "Conheça o processo de crição dos mangá com os mangakas",
        "texto": "Lorem ipsum dolor sit amet, consectetur adipiscing elit. Maecenas convallis vel nisi suscipit fringilla. Aliquam at maximus ex. Integer sed posuere dui, a pharetra nisi. Fusce eu dapibus ex, sed efficitur nibh. Orci varius natoque penatibus et magnis dis parturient montes, nascetur ridiculus mus. Quisque sed vestibulum massa. Maecenas interdum ex sed nunc vulputate tincidunt. Nulla neque massa, ultricies at mollis ac, pretium vitae justo. Sed ac pharetra risus, sed fringilla lectus.\nSuspendisse potenti. Nam vitae nunc pretium, aliquet sapien quis, porttitor augue. Nam sed ligula nibh. Nam lobortis condimentum diam a convallis. Vestibulum luctus facilisis arcu, a viverra orci ultricies et. Suspendisse porta, nibh non ullamcorper maximus, arcu arcu tristique ipsum, imperdiet elementum sem augue eu ligula. Cras imperdiet ac justo eget suscipit. Maecenas non tellus efficitur, dictum libero et, tristique ligula. Phasellus iaculis leo leo, nec dictum lorem imperdiet eget. Quisque dapibus vehicula magna, at laoreet magna venenatis in. Aenean sollicitudin quis eros vitae laoreet. Donec commodo turpis commodo odio consectetur sollicitudin. Duis vitae porttitor velit.\nEtiam imperdiet, leo sed pretium gravida, augue dolor fermentum magna, ac ullamcorper libero dolor nec nibh. Donec massa tellus, mollis a turpis eget, imperdiet faucibus nibh. Curabitur pellentesque rhoncus pellentesque. Vestibulum ante ipsum primis in faucibus orci luctus et ultrices posuere cubilia Curae; Vivamus et sollicitudin urna. Donec nec ante fringilla, tincidunt nisi at, mollis odio. Curabitur eu eros sapien. Duis sed hendrerit dolor. In tristique, tortor eget luctus pharetra, leo lacus fringilla leo, eu pharetra dui sem at leo. Phasellus et condimentum odio, sit amet pharetra ante. In suscipit lectus eu lacus tincidunt, eu facilisis dolor pulvinar. Etiam diam magna, iaculis non massa ut, tempus dignissim tellus. Morbi ornare aliquam justo vel interdum. Vestibulum vulputate, mi ac eleifend faucibus, est elit porttitor metus, non consequat tortor sem a risus.\nInteger vitae velit gravida, ultricies elit at, auctor augue. Praesent id eros quis lacus vestibulum dignissim. Nulla ut leo et nulla malesuada sodales. Donec sed elit eget arcu lobortis imperdiet eget quis dolor. Sed mollis est purus, vitae convallis tellus vulputate et. Morbi vitae ultrices magna, ut gravida enim. Quisque non mauris a massa lacinia commodo eget ac justo. Mauris pellentesque suscipit tincidunt. Sed cursus leo eget dictum vehicula. Nam egestas eros risus, et interdum arcu auctor non. Nulla non justo viverra, fermentum enim dapibus, euismod neque. Nullam id sagittis sapien. Donec odio ex, imperdiet eget ipsum a, malesuada bibendum nisl. Mauris a pharetra est, a consectetur magna. Etiam eget efficitur lorem, nec lacinia nulla.",
        "categoria": 1,
        "layout": 1,
        "imagem": {
            "nome": "a_criacao_mangas",
            "ext": ".jpg",
            "alt": "Uma imagem de um desenho feito a mão.",
            "title": "Download free do whatever you want high-resolution photos from bady qb",
            "credito": "https://unsplash.com/@bady?utm_medium=referral&amp;utm_campaign=photographer-credit&amp;utm_content=creditBadge"
        }
    },
    {
        "id": 3,
        "titulo": "Toba-e",
        "subtitulo": "Voce já ouviu faler de toba-e? Conheça o que é toba-e",
        "texto": "Lorem ipsum dolor sit amet, consectetur adipiscing elit. Maecenas convallis vel nisi suscipit fringilla. Aliquam at maximus ex. Integer sed posuere dui, a pharetra nisi. Fusce eu dapibus ex, sed efficitur nibh. Orci varius natoque penatibus et magnis dis parturient montes, nascetur ridiculus mus. Quisque sed vestibulum massa. Maecenas interdum ex sed nunc vulputate tincidunt. Nulla neque massa, ultricies at mollis ac, pretium vitae justo. Sed ac pharetra risus, sed fringilla lectus.\nSuspendisse potenti. Nam vitae nunc pretium, aliquet sapien quis, porttitor augue. Nam sed ligula nibh. Nam lobortis condimentum diam a convallis. Vestibulum luctus facilisis arcu, a viverra orci ultricies et. Suspendisse porta, nibh non ullamcorper maximus, arcu arcu tristique ipsum, imperdiet elementum sem augue eu ligula. Cras imperdiet ac justo eget suscipit. Maecenas non tellus efficitur, dictum libero et, tristique ligula. Phasellus iaculis leo leo, nec dictum lorem imperdiet eget. Quisque dapibus vehicula magna, at laoreet magna venenatis in. Aenean sollicitudin quis eros vitae laoreet. Donec commodo turpis commodo odio consectetur sollicitudin. Duis vitae porttitor velit.\nEtiam imperdiet, leo sed pretium gravida, augue dolor fermentum magna, ac ullamcorper libero dolor nec nibh. Donec massa tellus, mollis a turpis eget, imperdiet faucibus nibh. Curabitur pellentesque rhoncus pellentesque. Vestibulum ante ipsum primis in faucibus orci luctus et ultrices posuere cubilia Curae; Vivamus et sollicitudin urna. Donec nec ante fringilla, tincidunt nisi at, mollis odio. Curabitur eu eros sapien. Duis sed hendrerit dolor. In tristique, tortor eget luctus pharetra, leo lacus fringilla leo, eu pharetra dui sem at leo. Phasellus et condimentum odio, sit amet pharetra ante. In suscipit lectus eu lacus tincidunt, eu facilisis dolor pulvinar. Etiam diam magna, iaculis non massa ut, tempus dignissim tellus. Morbi ornare aliquam justo vel interdum. Vestibulum vulputate, mi ac eleifend faucibus, est elit porttitor metus, non consequat tortor sem a risus.\nInteger vitae velit gravida, ultricies elit at, auctor augue. Praesent id eros quis lacus vestibulum dignissim. Nulla ut leo et nulla malesuada sodales. Donec sed elit eget arcu lobortis imperdiet eget quis dolor. Sed mollis est purus, vitae convallis tellus vulputate et. Morbi vitae ultrices magna, ut gravida enim. Quisque non mauris a massa lacinia commodo eget ac justo. Mauris pellentesque suscipit tincidunt. Sed cursus leo eget dictum vehicula. Nam egestas eros risus, et interdum arcu auctor non. Nulla non justo viverra, fermentum enim dapibus, euismod neque. Nullam id sagittis sapien. Donec odio ex, imperdiet eget ipsum a, malesuada bibendum nisl. Mauris a pharetra est, a consectetur magna. Etiam eget efficitur lorem, nec lacinia nulla.",
        "categoria": 1,
        "layout": 2,
        "imagem": {
            "nome": "toba_e",
            "ext": ".jpg",
            "alt": "Uma obra de Toba-e, a Fūryū Rokkasen de Toba Sōjō",
            "title": "By Kitagawa Utamaro (PD Museum of Art) [Public domain or Public domain], via Wikimedia Commons",
            "credito": "https://commons.wikimedia.org/wiki/File:Utamaro_(1790s)_F%C5%ABry%C5%AB_Rokkasen_-_Toba_S%C5%8Dj%C5%8D.jpg"
        }
    },
    {
        "id": 4,
        "titulo": "O que é Xilogravura?",
        "subtitulo": "Sua importância para o mangá com a sua principal obra Hokusai Manga",
        "texto": "Lorem ipsum dolor sit amet, consectetur adipiscing elit. Maecenas convallis vel nisi suscipit fringilla. Aliquam at maximus ex. Integer sed posuere dui, a pharetra nisi. Fusce eu dapibus ex, sed efficitur nibh. Orci varius natoque penatibus et magnis dis parturient montes, nascetur ridiculus mus. Quisque sed vestibulum massa. Maecenas interdum ex sed nunc vulputate tincidunt. Nulla neque massa, ultricies at mollis ac, pretium vitae justo. Sed ac pharetra risus, sed fringilla lectus.\nSuspendisse potenti. Nam vitae nunc pretium, aliquet sapien quis, porttitor augue. Nam sed ligula nibh. Nam lobortis condimentum diam a convallis. Vestibulum luctus facilisis arcu, a viverra orci ultricies et. Suspendisse porta, nibh non ullamcorper maximus, arcu arcu tristique ipsum, imperdiet elementum sem augue eu ligula. Cras imperdiet ac justo eget suscipit. Maecenas non tellus efficitur, dictum libero et, tristique ligula. Phasellus iaculis leo leo, nec dictum lorem imperdiet eget. Quisque dapibus vehicula magna, at laoreet magna venenatis in. Aenean sollicitudin quis eros vitae laoreet. Donec commodo turpis commodo odio consectetur sollicitudin. Duis vitae porttitor velit.\nEtiam imperdiet, leo sed pretium gravida, augue dolor fermentum magna, ac ullamcorper libero dolor nec nibh. Donec massa tellus, mollis a turpis eget, imperdiet faucibus nibh. Curabitur pellentesque rhoncus pellentesque. Vestibulum ante ipsum primis in faucibus orci luctus et ultrices posuere cubilia Curae; Vivamus et sollicitudin urna. Donec nec ante fringilla, tincidunt nisi at, mollis odio. Curabitur eu eros sapien. Duis sed hendrerit dolor. In tristique, tortor eget luctus pharetra, leo lacus fringilla leo, eu pharetra dui sem at leo. Phasellus et condimentum odio, sit amet pharetra ante. In suscipit lectus eu lacus tincidunt, eu facilisis dolor pulvinar. Etiam diam magna, iaculis non massa ut, tempus dignissim tellus. Morbi ornare aliquam justo vel interdum. Vestibulum vulputate, mi ac eleifend faucibus, est elit porttitor metus, non consequat tortor sem a risus.\nInteger vitae velit gravida, ultricies elit at, auctor augue. Praesent id eros quis lacus vestibulum dignissim. Nulla ut leo et nulla malesuada sodales. Donec sed elit eget arcu lobortis imperdiet eget quis dolor. Sed mollis est purus, vitae convallis tellus vulputate et. Morbi vitae ultrices magna, ut gravida enim. Quisque non mauris a massa lacinia commodo eget ac justo. Mauris pellentesque suscipit tincidunt. Sed cursus leo eget dictum vehicula. Nam egestas eros risus, et interdum arcu auctor non. Nulla non justo viverra, fermentum enim dapibus, euismod neque. Nullam id sagittis sapien. Donec odio ex, imperdiet eget ipsum a, malesuada bibendum nisl. Mauris a pharetra est, a consectetur magna. Etiam eget efficitur lorem, nec lacinia nulla.",
        "categoria": 1,
        "layout": 1,
        "imagem": {
            "nome": "great_wave",
            "ext": ".jpg",
            "alt": "Uma das mais famosas obras de xilogravura a 'A onda'",
            "title": "[Public domain], via Wikimedia Commons",
            "credito": "https://commons.wikimedia.org/wiki/File:Great_Wave_off_Kanagawa2.jpg"
        }
    },
    {
        "id": 5,
        "titulo": "Osama Tezuka Cultural",
        "subtitulo": "Um dos prêmios mais conseituados",
        "texto": "Lorem ipsum dolor sit amet, consectetur adipiscing elit. Maecenas convallis vel nisi suscipit fringilla. Aliquam at maximus ex. Integer sed posuere dui, a pharetra nisi. Fusce eu dapibus ex, sed efficitur nibh. Orci varius natoque penatibus et magnis dis parturient montes, nascetur ridiculus mus. Quisque sed vestibulum massa. Maecenas interdum ex sed nunc vulputate tincidunt. Nulla neque massa, ultricies at mollis ac, pretium vitae justo. Sed ac pharetra risus, sed fringilla lectus.\nSuspendisse potenti. Nam vitae nunc pretium, aliquet sapien quis, porttitor augue. Nam sed ligula nibh. Nam lobortis condimentum diam a convallis. Vestibulum luctus facilisis arcu, a viverra orci ultricies et. Suspendisse porta, nibh non ullamcorper maximus, arcu arcu tristique ipsum, imperdiet elementum sem augue eu ligula. Cras imperdiet ac justo eget suscipit. Maecenas non tellus efficitur, dictum libero et, tristique ligula. Phasellus iaculis leo leo, nec dictum lorem imperdiet eget. Quisque dapibus vehicula magna, at laoreet magna venenatis in. Aenean sollicitudin quis eros vitae laoreet. Donec commodo turpis commodo odio consectetur sollicitudin. Duis vitae porttitor velit.\nEtiam imperdiet, leo sed pretium gravida, augue dolor fermentum magna, ac ullamcorper libero dolor nec nibh. Donec massa tellus, mollis a turpis eget, imperdiet faucibus nibh. Curabitur pellentesque rhoncus pellentesque. Vestibulum ante ipsum primis in faucibus orci luctus et ultrices posuere cubilia Curae; Vivamus et sollicitudin urna. Donec nec ante fringilla, tincidunt nisi at, mollis odio. Curabitur eu eros sapien. Duis sed hendrerit dolor. In tristique, tortor eget luctus pharetra, leo lacus fringilla leo, eu pharetra dui sem at leo. Phasellus et condimentum odio, sit amet pharetra ante. In suscipit lectus eu lacus tincidunt, eu facilisis dolor pulvinar. Etiam diam magna, iaculis non massa ut, tempus dignissim tellus. Morbi ornare aliquam justo vel interdum. Vestibulum vulputate, mi ac eleifend faucibus, est elit porttitor metus, non consequat tortor sem a risus.\nInteger vitae velit gravida, ultricies elit at, auctor augue. Praesent id eros quis lacus vestibulum dignissim. Nulla ut leo et nulla malesuada sodales. Donec sed elit eget arcu lobortis imperdiet eget quis dolor. Sed mollis est purus, vitae convallis tellus vulputate et. Morbi vitae ultrices magna, ut gravida enim. Quisque non mauris a massa lacinia commodo eget ac justo. Mauris pellentesque suscipit tincidunt. Sed cursus leo eget dictum vehicula. Nam egestas eros risus, et interdum arcu auctor non. Nulla non justo viverra, fermentum enim dapibus, euismod neque. Nullam id sagittis sapien. Donec odio ex, imperdiet eget ipsum a, malesuada bibendum nisl. Mauris a pharetra est, a consectetur magna. Etiam eget efficitur lorem, nec lacinia nulla.",
        "categoria": 2,
        "layout": 2,
        "imagem": {
            "nome": "tezuka_osamu_cultural",
            "ext": ".jpg",
            "alt": "Imagem do autor Osamu Tezuka 1951 Scan10008-2",
            "title": "See page for author [Public domain], via Wikimedia Commons",
            "credito": "https://commons.wikimedia.org/wiki/File:Tezuka_Osamu_Cultural_Prize_Ribbon.png"
        }
    },
    {
        "id": 6,
        "titulo": "Osama Tezuka",
        "subtitulo": "O criador e mais influente mangaka dos mangás modernos",
        "texto": "Lorem ipsum dolor sit amet, consectetur adipiscing elit. Maecenas convallis vel nisi suscipit fringilla. Aliquam at maximus ex. Integer sed posuere dui, a pharetra nisi. Fusce eu dapibus ex, sed efficitur nibh. Orci varius natoque penatibus et magnis dis parturient montes, nascetur ridiculus mus. Quisque sed vestibulum massa. Maecenas interdum ex sed nunc vulputate tincidunt. Nulla neque massa, ultricies at mollis ac, pretium vitae justo. Sed ac pharetra risus, sed fringilla lectus.\nSuspendisse potenti. Nam vitae nunc pretium, aliquet sapien quis, porttitor augue. Nam sed ligula nibh. Nam lobortis condimentum diam a convallis. Vestibulum luctus facilisis arcu, a viverra orci ultricies et. Suspendisse porta, nibh non ullamcorper maximus, arcu arcu tristique ipsum, imperdiet elementum sem augue eu ligula. Cras imperdiet ac justo eget suscipit. Maecenas non tellus efficitur, dictum libero et, tristique ligula. Phasellus iaculis leo leo, nec dictum lorem imperdiet eget. Quisque dapibus vehicula magna, at laoreet magna venenatis in. Aenean sollicitudin quis eros vitae laoreet. Donec commodo turpis commodo odio consectetur sollicitudin. Duis vitae porttitor velit.\nEtiam imperdiet, leo sed pretium gravida, augue dolor fermentum magna, ac ullamcorper libero dolor nec nibh. Donec massa tellus, mollis a turpis eget, imperdiet faucibus nibh. Curabitur pellentesque rhoncus pellentesque. Vestibulum ante ipsum primis in faucibus orci luctus et ultrices posuere cubilia Curae; Vivamus et sollicitudin urna. Donec nec ante fringilla, tincidunt nisi at, mollis odio. Curabitur eu eros sapien. Duis sed hendrerit dolor. In tristique, tortor eget luctus pharetra, leo lacus fringilla leo, eu pharetra dui sem at leo. Phasellus et condimentum odio, sit amet pharetra ante. In suscipit lectus eu lacus tincidunt, eu facilisis dolor pulvinar. Etiam diam magna, iaculis non massa ut, tempus dignissim tellus. Morbi ornare aliquam justo vel interdum. Vestibulum vulputate, mi ac eleifend faucibus, est elit porttitor metus, non consequat tortor sem a risus.\nInteger vitae velit gravida, ultricies elit at, auctor augue. Praesent id eros quis lacus vestibulum dignissim. Nulla ut leo et nulla malesuada sodales. Donec sed elit eget arcu lobortis imperdiet eget quis dolor. Sed mollis est purus, vitae convallis tellus vulputate et. Morbi vitae ultrices magna, ut gravida enim. Quisque non mauris a massa lacinia commodo eget ac justo. Mauris pellentesque suscipit tincidunt. Sed cursus leo eget dictum vehicula. Nam egestas eros risus, et interdum arcu auctor non. Nulla non justo viverra, fermentum enim dapibus, euismod neque. Nullam id sagittis sapien. Donec odio ex, imperdiet eget ipsum a, malesuada bibendum nisl. Mauris a pharetra est, a consectetur magna. Etiam eget efficitur lorem, nec lacinia nulla.",
        "categoria": 1,
        "layout": 1,
        "imagem": {
            "nome": "osama_tezuka",
            "ext": ".jpg",
            "alt": "Imagem de um dos maiores mankagas e mais influente para os mangas modernos Osama Tesuka.",
            "title": "See page for author [Public domain], via Wikimedia Commons",
            "credito": "https://commons.wikimedia.org/wiki/File:Osamu_Tezuka_1951_Scan10008-2.JPG"
        }
    },
    {
        "id": 7,
        "titulo": "Lendo um mánga",
        "subtitulo": "Entenda o sentido da leitura no mangá",
        "texto": "Lorem ipsum dolor sit amet, consectetur adipiscing elit. Maecenas convallis vel nisi suscipit fringilla. Aliquam at maximus ex. Integer sed posuere dui, a pharetra nisi. Fusce eu dapibus ex, sed efficitur nibh. Orci varius natoque penatibus et magnis dis parturient montes, nascetur ridiculus mus. Quisque sed vestibulum massa. Maecenas interdum ex sed nunc vulputate tincidunt. Nulla neque massa, ultricies at mollis ac, pretium vitae justo. Sed ac pharetra risus, sed fringilla lectus.\nSuspendisse potenti. Nam vitae nunc pretium, aliquet sapien quis, porttitor augue. Nam sed ligula nibh. Nam lobortis condimentum diam a convallis. Vestibulum luctus facilisis arcu, a viverra orci ultricies et. Suspendisse porta, nibh non ullamcorper maximus, arcu arcu tristique ipsum, imperdiet elementum sem augue eu ligula. Cras imperdiet ac justo eget suscipit. Maecenas non tellus efficitur, dictum libero et, tristique ligula. Phasellus iaculis leo leo, nec dictum lorem imperdiet eget. Quisque dapibus vehicula magna, at laoreet magna venenatis in. Aenean sollicitudin quis eros vitae laoreet. Donec commodo turpis commodo odio consectetur sollicitudin. Duis vitae porttitor velit.\nEtiam imperdiet, leo sed pretium gravida, augue dolor fermentum magna, ac ullamcorper libero dolor nec nibh. Donec massa tellus, mollis a turpis eget, imperdiet faucibus nibh. Curabitur pellentesque rhoncus pellentesque. Vestibulum ante ipsum primis in faucibus orci luctus et ultrices posuere cubilia Curae; Vivamus et sollicitudin urna. Donec nec ante fringilla, tincidunt nisi at, mollis odio. Curabitur eu eros sapien. Duis sed hendrerit dolor. In tristique, tortor eget luctus pharetra, leo lacus fringilla leo, eu pharetra dui sem at leo. Phasellus et condimentum odio, sit amet pharetra ante. In suscipit lectus eu lacus tincidunt, eu facilisis dolor pulvinar. Etiam diam magna, iaculis non massa ut, tempus dignissim tellus. Morbi ornare aliquam justo vel interdum. Vestibulum vulputate, mi ac eleifend faucibus, est elit porttitor metus, non consequat tortor sem a risus.\nInteger vitae velit gravida, ultricies elit at, auctor augue. Praesent id eros quis lacus vestibulum dignissim. Nulla ut leo et nulla malesuada sodales. Donec sed elit eget arcu lobortis imperdiet eget quis dolor. Sed mollis est purus, vitae convallis tellus vulputate et. Morbi vitae ultrices magna, ut gravida enim. Quisque non mauris a massa lacinia commodo eget ac justo. Mauris pellentesque suscipit tincidunt. Sed cursus leo eget dictum vehicula. Nam egestas eros risus, et interdum arcu auctor non. Nulla non justo viverra, fermentum enim dapibus, euismod neque. Nullam id sagittis sapien. Donec odio ex, imperdiet eget ipsum a, malesuada bibendum nisl. Mauris a pharetra est, a consectetur magna. Etiam eget efficitur lorem, nec lacinia nulla.",
        "categoria": 1,
        "layout": 1,
        "imagem": {
            "nome": "leitura",
            "ext": ".jpg",
            "alt": "Sequencia da leitura nos mángas. Manga - prawidlowy sposob czytania",
            "title": "By Nenhum autor legível por máquina fornecido. Pottero assumido (baseado em alegações de direitos autorais). [Domínio público Domínio ], via Wikimedia Commons",
            "credito": "https://commons.wikimedia.org/wiki/File:Manga_-_prawidlowy_sposob_czytania.png"
        }
    },
    {
        "id": 8,
        "titulo": "Mecha",
        "subtitulo": "Conheça o genero mecha e as principais obras do genero",
        "texto": "Lorem ipsum dolor sit amet, consectetur adipiscing elit. Maecenas convallis vel nisi suscipit fringilla. Aliquam at maximus ex. Integer sed posuere dui, a pharetra nisi. Fusce eu dapibus ex, sed efficitur nibh. Orci varius natoque penatibus et magnis dis parturient montes, nascetur ridiculus mus. Quisque sed vestibulum massa. Maecenas interdum ex sed nunc vulputate tincidunt. Nulla neque massa, ultricies at mollis ac, pretium vitae justo. Sed ac pharetra risus, sed fringilla lectus.\nSuspendisse potenti. Nam vitae nunc pretium, aliquet sapien quis, porttitor augue. Nam sed ligula nibh. Nam lobortis condimentum diam a convallis. Vestibulum luctus facilisis arcu, a viverra orci ultricies et. Suspendisse porta, nibh non ullamcorper maximus, arcu arcu tristique ipsum, imperdiet elementum sem augue eu ligula. Cras imperdiet ac justo eget suscipit. Maecenas non tellus efficitur, dictum libero et, tristique ligula. Phasellus iaculis leo leo, nec dictum lorem imperdiet eget. Quisque dapibus vehicula magna, at laoreet magna venenatis in. Aenean sollicitudin quis eros vitae laoreet. Donec commodo turpis commodo odio consectetur sollicitudin. Duis vitae porttitor velit.\nEtiam imperdiet, leo sed pretium gravida, augue dolor fermentum magna, ac ullamcorper libero dolor nec nibh. Donec massa tellus, mollis a turpis eget, imperdiet faucibus nibh. Curabitur pellentesque rhoncus pellentesque. Vestibulum ante ipsum primis in faucibus orci luctus et ultrices posuere cubilia Curae; Vivamus et sollicitudin urna. Donec nec ante fringilla, tincidunt nisi at, mollis odio. Curabitur eu eros sapien. Duis sed hendrerit dolor. In tristique, tortor eget luctus pharetra, leo lacus fringilla leo, eu pharetra dui sem at leo. Phasellus et condimentum odio, sit amet pharetra ante. In suscipit lectus eu lacus tincidunt, eu facilisis dolor pulvinar. Etiam diam magna, iaculis non massa ut, tempus dignissim tellus. Morbi ornare aliquam justo vel interdum. Vestibulum vulputate, mi ac eleifend faucibus, est elit porttitor metus, non consequat tortor sem a risus.\nInteger vitae velit gravida, ultricies elit at, auctor augue. Praesent id eros quis lacus vestibulum dignissim. Nulla ut leo et nulla malesuada sodales. Donec sed elit eget arcu lobortis imperdiet eget quis dolor. Sed mollis est purus, vitae convallis tellus vulputate et. Morbi vitae ultrices magna, ut gravida enim. Quisque non mauris a massa lacinia commodo eget ac justo. Mauris pellentesque suscipit tincidunt. Sed cursus leo eget dictum vehicula. Nam egestas eros risus, et interdum arcu auctor non. Nulla non justo viverra, fermentum enim dapibus, euismod neque. Nullam id sagittis sapien. Donec odio ex, imperdiet eget ipsum a, malesuada bibendum nisl. Mauris a pharetra est, a consectetur magna. Etiam eget efficitur lorem, nec lacinia nulla.",
        "categoria": 1,
        "layout": 2,
        "imagem": {
            "nome": "gundam",
            "ext": ".jpg",
            "alt": "Um dos principais mechas Gundam em uma estatua. O Gundam de Odaiba",
            "title": "By Iscream icecream [CC BY-SA 4.0 (https://creativecommons.org/licenses/by-sa/4.0)], from Wikimedia Commons",
            "credito": "https://commons.wikimedia.org/wiki/File:O_Gundam_de_Odaiba.jpg"
        }
    },
    {
        "id": 9,
        "titulo": "One Piece no guiness book",
        "subtitulo": "One Piece bate o record mundial se tornando o mangá mais vendido da historia com mais de 320.866.000 unidades vendidas",
        "texto": "Lorem ipsum dolor sit amet, consectetur adipiscing elit. Maecenas convallis vel nisi suscipit fringilla. Aliquam at maximus ex. Integer sed posuere dui, a pharetra nisi. Fusce eu dapibus ex, sed efficitur nibh. Orci varius natoque penatibus et magnis dis parturient montes, nascetur ridiculus mus. Quisque sed vestibulum massa. Maecenas interdum ex sed nunc vulputate tincidunt. Nulla neque massa, ultricies at mollis ac, pretium vitae justo. Sed ac pharetra risus, sed fringilla lectus.\nSuspendisse potenti. Nam vitae nunc pretium, aliquet sapien quis, porttitor augue. Nam sed ligula nibh. Nam lobortis condimentum diam a convallis. Vestibulum luctus facilisis arcu, a viverra orci ultricies et. Suspendisse porta, nibh non ullamcorper maximus, arcu arcu tristique ipsum, imperdiet elementum sem augue eu ligula. Cras imperdiet ac justo eget suscipit. Maecenas non tellus efficitur, dictum libero et, tristique ligula. Phasellus iaculis leo leo, nec dictum lorem imperdiet eget. Quisque dapibus vehicula magna, at laoreet magna venenatis in. Aenean sollicitudin quis eros vitae laoreet. Donec commodo turpis commodo odio consectetur sollicitudin. Duis vitae porttitor velit.\nEtiam imperdiet, leo sed pretium gravida, augue dolor fermentum magna, ac ullamcorper libero dolor nec nibh. Donec massa tellus, mollis a turpis eget, imperdiet faucibus nibh. Curabitur pellentesque rhoncus pellentesque. Vestibulum ante ipsum primis in faucibus orci luctus et ultrices posuere cubilia Curae; Vivamus et sollicitudin urna. Donec nec ante fringilla, tincidunt nisi at, mollis odio. Curabitur eu eros sapien. Duis sed hendrerit dolor. In tristique, tortor eget luctus pharetra, leo lacus fringilla leo, eu pharetra dui sem at leo. Phasellus et condimentum odio, sit amet pharetra ante. In suscipit lectus eu lacus tincidunt, eu facilisis dolor pulvinar. Etiam diam magna, iaculis non massa ut, tempus dignissim tellus. Morbi ornare aliquam justo vel interdum. Vestibulum vulputate, mi ac eleifend faucibus, est elit porttitor metus, non consequat tortor sem a risus.\nInteger vitae velit gravida, ultricies elit at, auctor augue. Praesent id eros quis lacus vestibulum dignissim. Nulla ut leo et nulla malesuada sodales. Donec sed elit eget arcu lobortis imperdiet eget quis dolor. Sed mollis est purus, vitae convallis tellus vulputate et. Morbi vitae ultrices magna, ut gravida enim. Quisque non mauris a massa lacinia commodo eget ac justo. Mauris pellentesque suscipit tincidunt. Sed cursus leo eget dictum vehicula. Nam egestas eros risus, et interdum arcu auctor non. Nulla non justo viverra, fermentum enim dapibus, euismod neque. Nullam id sagittis sapien. Donec odio ex, imperdiet eget ipsum a, malesuada bibendum nisl. Mauris a pharetra est, a consectetur magna. Etiam eget efficitur lorem, nec lacinia nulla.",
        "categoria": 2,
        "layout": 2,
        "imagem": {
            "nome": "one_piece_guinessbook",
            "ext": ".jpg",
            "alt": "Imagem de Moneky D. Luffy o protagonista segurando o certificado do guiness book",
            "title": "From guinness world records. Most copies published for the same comic book series by a single author - monkey. Shonen Jump - Eiichiro Oda",
            "credito": "http://www.guinnessworldrecords.com/news/2015/6/japanese-manga-%E2%80%9Cone-piece%E2%80%9D-is-most-printed-comic-series-by-one-author-ever-385868"
        }
    },
    {
        "id": 10,
        "titulo": "Dragon ball",
        "subtitulo": "Um dos maiores sucessos do mundo",
        "texto": "Lorem ipsum dolor sit amet, consectetur adipiscing elit. Maecenas convallis vel nisi suscipit fringilla. Aliquam at maximus ex. Integer sed posuere dui, a pharetra nisi. Fusce eu dapibus ex, sed efficitur nibh. Orci varius natoque penatibus et magnis dis parturient montes, nascetur ridiculus mus. Quisque sed vestibulum massa. Maecenas interdum ex sed nunc vulputate tincidunt. Nulla neque massa, ultricies at mollis ac, pretium vitae justo. Sed ac pharetra risus, sed fringilla lectus.\nSuspendisse potenti. Nam vitae nunc pretium, aliquet sapien quis, porttitor augue. Nam sed ligula nibh. Nam lobortis condimentum diam a convallis. Vestibulum luctus facilisis arcu, a viverra orci ultricies et. Suspendisse porta, nibh non ullamcorper maximus, arcu arcu tristique ipsum, imperdiet elementum sem augue eu ligula. Cras imperdiet ac justo eget suscipit. Maecenas non tellus efficitur, dictum libero et, tristique ligula. Phasellus iaculis leo leo, nec dictum lorem imperdiet eget. Quisque dapibus vehicula magna, at laoreet magna venenatis in. Aenean sollicitudin quis eros vitae laoreet. Donec commodo turpis commodo odio consectetur sollicitudin. Duis vitae porttitor velit.\nEtiam imperdiet, leo sed pretium gravida, augue dolor fermentum magna, ac ullamcorper libero dolor nec nibh. Donec massa tellus, mollis a turpis eget, imperdiet faucibus nibh. Curabitur pellentesque rhoncus pellentesque. Vestibulum ante ipsum primis in faucibus orci luctus et ultrices posuere cubilia Curae; Vivamus et sollicitudin urna. Donec nec ante fringilla, tincidunt nisi at, mollis odio. Curabitur eu eros sapien. Duis sed hendrerit dolor. In tristique, tortor eget luctus pharetra, leo lacus fringilla leo, eu pharetra dui sem at leo. Phasellus et condimentum odio, sit amet pharetra ante. In suscipit lectus eu lacus tincidunt, eu facilisis dolor pulvinar. Etiam diam magna, iaculis non massa ut, tempus dignissim tellus. Morbi ornare aliquam justo vel interdum. Vestibulum vulputate, mi ac eleifend faucibus, est elit porttitor metus, non consequat tortor sem a risus.\nInteger vitae velit gravida, ultricies elit at, auctor augue. Praesent id eros quis lacus vestibulum dignissim. Nulla ut leo et nulla malesuada sodales. Donec sed elit eget arcu lobortis imperdiet eget quis dolor. Sed mollis est purus, vitae convallis tellus vulputate et. Morbi vitae ultrices magna, ut gravida enim. Quisque non mauris a massa lacinia commodo eget ac justo. Mauris pellentesque suscipit tincidunt. Sed cursus leo eget dictum vehicula. Nam egestas eros risus, et interdum arcu auctor non. Nulla non justo viverra, fermentum enim dapibus, euismod neque. Nullam id sagittis sapien. Donec odio ex, imperdiet eget ipsum a, malesuada bibendum nisl. Mauris a pharetra est, a consectetur magna. Etiam eget efficitur lorem, nec lacinia nulla.",
        "categoria": 2,
        "layout": 2,
        "imagem": {
            "nome": "dragon_ball_anime_logo",
            "ext": ".jpg",
            "alt": "Dragon Ball anime logo",
            "title": "By Toei Animation [Domínio público Domínio ], from Wikimedia Commons",
            "credito": "https://commons.wikimedia.org/wiki/File:Dragon_Ball_anime_logo.png"
        }
    },
    {
        "id": 11,
        "titulo": "Cosplay",
        "subtitulo": "O que é cosplay? Conhaça essa arte e veja como isso é coisa seria no japão",
        "texto": "Lorem ipsum dolor sit amet, consectetur adipiscing elit. Maecenas convallis vel nisi suscipit fringilla. Aliquam at maximus ex. Integer sed posuere dui, a pharetra nisi. Fusce eu dapibus ex, sed efficitur nibh. Orci varius natoque penatibus et magnis dis parturient montes, nascetur ridiculus mus. Quisque sed vestibulum massa. Maecenas interdum ex sed nunc vulputate tincidunt. Nulla neque massa, ultricies at mollis ac, pretium vitae justo. Sed ac pharetra risus, sed fringilla lectus.\nSuspendisse potenti. Nam vitae nunc pretium, aliquet sapien quis, porttitor augue. Nam sed ligula nibh. Nam lobortis condimentum diam a convallis. Vestibulum luctus facilisis arcu, a viverra orci ultricies et. Suspendisse porta, nibh non ullamcorper maximus, arcu arcu tristique ipsum, imperdiet elementum sem augue eu ligula. Cras imperdiet ac justo eget suscipit. Maecenas non tellus efficitur, dictum libero et, tristique ligula. Phasellus iaculis leo leo, nec dictum lorem imperdiet eget. Quisque dapibus vehicula magna, at laoreet magna venenatis in. Aenean sollicitudin quis eros vitae laoreet. Donec commodo turpis commodo odio consectetur sollicitudin. Duis vitae porttitor velit.\nEtiam imperdiet, leo sed pretium gravida, augue dolor fermentum magna, ac ullamcorper libero dolor nec nibh. Donec massa tellus, mollis a turpis eget, imperdiet faucibus nibh. Curabitur pellentesque rhoncus pellentesque. Vestibulum ante ipsum primis in faucibus orci luctus et ultrices posuere cubilia Curae; Vivamus et sollicitudin urna. Donec nec ante fringilla, tincidunt nisi at, mollis odio. Curabitur eu eros sapien. Duis sed hendrerit dolor. In tristique, tortor eget luctus pharetra, leo lacus fringilla leo, eu pharetra dui sem at leo. Phasellus et condimentum odio, sit amet pharetra ante. In suscipit lectus eu lacus tincidunt, eu facilisis dolor pulvinar. Etiam diam magna, iaculis non massa ut, tempus dignissim tellus. Morbi ornare aliquam justo vel interdum. Vestibulum vulputate, mi ac eleifend faucibus, est elit porttitor metus, non consequat tortor sem a risus.\nInteger vitae velit gravida, ultricies elit at, auctor augue. Praesent id eros quis lacus vestibulum dignissim. Nulla ut leo et nulla malesuada sodales. Donec sed elit eget arcu lobortis imperdiet eget quis dolor. Sed mollis est purus, vitae convallis tellus vulputate et. Morbi vitae ultrices magna, ut gravida enim. Quisque non mauris a massa lacinia commodo eget ac justo. Mauris pellentesque suscipit tincidunt. Sed cursus leo eget dictum vehicula. Nam egestas eros risus, et interdum arcu auctor non. Nulla non justo viverra, fermentum enim dapibus, euismod neque. Nullam id sagittis sapien. Donec odio ex, imperdiet eget ipsum a, malesuada bibendum nisl. Mauris a pharetra est, a consectetur magna. Etiam eget efficitur lorem, nec lacinia nulla.",
        "categoria": 1,
        "layout": 2,
        "imagem": {
            "nome": "cosplay",
            "ext": ".jpg",
            "alt": "Ciri Cosplay (The Witcher 3 Wild Hunt) • 2",
            "title": "By Makar Vinogradov [CC BY-SA 2.0 (https://creativecommons.org/licenses/by-sa/2.0)], via Wikimedia Commons",
            "credito": "https://commons.wikimedia.org/wiki/File:Ciri_Cosplay_(The_Witcher_3_Wild_Hunt)_%E2%80%A2_2.jpg"
        }
    },
    {
        "id": 12,
        "titulo": "One Piece",
        "subtitulo": "Conheça um dos maiores mangás da atualizadade",
        "texto": "Lorem ipsum dolor sit amet, consectetur adipiscing elit. Maecenas convallis vel nisi suscipit fringilla. Aliquam at maximus ex. Integer sed posuere dui, a pharetra nisi. Fusce eu dapibus ex, sed efficitur nibh. Orci varius natoque penatibus et magnis dis parturient montes, nascetur ridiculus mus. Quisque sed vestibulum massa. Maecenas interdum ex sed nunc vulputate tincidunt. Nulla neque massa, ultricies at mollis ac, pretium vitae justo. Sed ac pharetra risus, sed fringilla lectus.\nSuspendisse potenti. Nam vitae nunc pretium, aliquet sapien quis, porttitor augue. Nam sed ligula nibh. Nam lobortis condimentum diam a convallis. Vestibulum luctus facilisis arcu, a viverra orci ultricies et. Suspendisse porta, nibh non ullamcorper maximus, arcu arcu tristique ipsum, imperdiet elementum sem augue eu ligula. Cras imperdiet ac justo eget suscipit. Maecenas non tellus efficitur, dictum libero et, tristique ligula. Phasellus iaculis leo leo, nec dictum lorem imperdiet eget. Quisque dapibus vehicula magna, at laoreet magna venenatis in. Aenean sollicitudin quis eros vitae laoreet. Donec commodo turpis commodo odio consectetur sollicitudin. Duis vitae porttitor velit.\nEtiam imperdiet, leo sed pretium gravida, augue dolor fermentum magna, ac ullamcorper libero dolor nec nibh. Donec massa tellus, mollis a turpis eget, imperdiet faucibus nibh. Curabitur pellentesque rhoncus pellentesque. Vestibulum ante ipsum primis in faucibus orci luctus et ultrices posuere cubilia Curae; Vivamus et sollicitudin urna. Donec nec ante fringilla, tincidunt nisi at, mollis odio. Curabitur eu eros sapien. Duis sed hendrerit dolor. In tristique, tortor eget luctus pharetra, leo lacus fringilla leo, eu pharetra dui sem at leo. Phasellus et condimentum odio, sit amet pharetra ante. In suscipit lectus eu lacus tincidunt, eu facilisis dolor pulvinar. Etiam diam magna, iaculis non massa ut, tempus dignissim tellus. Morbi ornare aliquam justo vel interdum. Vestibulum vulputate, mi ac eleifend faucibus, est elit porttitor metus, non consequat tortor sem a risus.\nInteger vitae velit gravida, ultricies elit at, auctor augue. Praesent id eros quis lacus vestibulum dignissim. Nulla ut leo et nulla malesuada sodales. Donec sed elit eget arcu lobortis imperdiet eget quis dolor. Sed mollis est purus, vitae convallis tellus vulputate et. Morbi vitae ultrices magna, ut gravida enim. Quisque non mauris a massa lacinia commodo eget ac justo. Mauris pellentesque suscipit tincidunt. Sed cursus leo eget dictum vehicula. Nam egestas eros risus, et interdum arcu auctor non. Nulla non justo viverra, fermentum enim dapibus, euismod neque. Nullam id sagittis sapien. Donec odio ex, imperdiet eget ipsum a, malesuada bibendum nisl. Mauris a pharetra est, a consectetur magna. Etiam eget efficitur lorem, nec lacinia nulla.",
        "categoria": 2,
        "layout": 2,
        "imagem": {
            "nome": "one_piece",
            "ext": ".jpg",
            "alt": "Bandeira do bando dos chapeu de palha protagonistas do mangá. Strawhat crew jolly roger",
            "title": "By Ju gatsu mikka [GFDL or CC BY-SA 3.0], from Wikimedia Commons",
            "credito": "https://commons.wikimedia.org/wiki/File:Strawhat_crew_jolly_roger.svg"
        }
    },
    {
        "id": 13,
        "titulo": "Estatua de Gundam",
        "subtitulo": "Estatua gigante de gundam com 20 metros em exposição no Japão",
        "texto": "Lorem ipsum dolor sit amet, consectetur adipiscing elit. Maecenas convallis vel nisi suscipit fringilla. Aliquam at maximus ex. Integer sed posuere dui, a pharetra nisi. Fusce eu dapibus ex, sed efficitur nibh. Orci varius natoque penatibus et magnis dis parturient montes, nascetur ridiculus mus. Quisque sed vestibulum massa. Maecenas interdum ex sed nunc vulputate tincidunt. Nulla neque massa, ultricies at mollis ac, pretium vitae justo. Sed ac pharetra risus, sed fringilla lectus.\nSuspendisse potenti. Nam vitae nunc pretium, aliquet sapien quis, porttitor augue. Nam sed ligula nibh. Nam lobortis condimentum diam a convallis. Vestibulum luctus facilisis arcu, a viverra orci ultricies et. Suspendisse porta, nibh non ullamcorper maximus, arcu arcu tristique ipsum, imperdiet elementum sem augue eu ligula. Cras imperdiet ac justo eget suscipit. Maecenas non tellus efficitur, dictum libero et, tristique ligula. Phasellus iaculis leo leo, nec dictum lorem imperdiet eget. Quisque dapibus vehicula magna, at laoreet magna venenatis in. Aenean sollicitudin quis eros vitae laoreet. Donec commodo turpis commodo odio consectetur sollicitudin. Duis vitae porttitor velit.\nEtiam imperdiet, leo sed pretium gravida, augue dolor fermentum magna, ac ullamcorper libero dolor nec nibh. Donec massa tellus, mollis a turpis eget, imperdiet faucibus nibh. Curabitur pellentesque rhoncus pellentesque. Vestibulum ante ipsum primis in faucibus orci luctus et ultrices posuere cubilia Curae; Vivamus et sollicitudin urna. Donec nec ante fringilla, tincidunt nisi at, mollis odio. Curabitur eu eros sapien. Duis sed hendrerit dolor. In tristique, tortor eget luctus pharetra, leo lacus fringilla leo, eu pharetra dui sem at leo. Phasellus et condimentum odio, sit amet pharetra ante. In suscipit lectus eu lacus tincidunt, eu facilisis dolor pulvinar. Etiam diam magna, iaculis non massa ut, tempus dignissim tellus. Morbi ornare aliquam justo vel interdum. Vestibulum vulputate, mi ac eleifend faucibus, est elit porttitor metus, non consequat tortor sem a risus.\nInteger vitae velit gravida, ultricies elit at, auctor augue. Praesent id eros quis lacus vestibulum dignissim. Nulla ut leo et nulla malesuada sodales. Donec sed elit eget arcu lobortis imperdiet eget quis dolor. Sed mollis est purus, vitae convallis tellus vulputate et. Morbi vitae ultrices magna, ut gravida enim. Quisque non mauris a massa lacinia commodo eget ac justo. Mauris pellentesque suscipit tincidunt. Sed cursus leo eget dictum vehicula. Nam egestas eros risus, et interdum arcu auctor non. Nulla non justo viverra, fermentum enim dapibus, euismod neque. Nullam id sagittis sapien. Donec odio ex, imperdiet eget ipsum a, malesuada bibendum nisl. Mauris a pharetra est, a consectetur magna. Etiam eget efficitur lorem, nec lacinia nulla.",
        "categoria": 2,
        "layout": 2,
        "imagem": {
            "nome": "gundam",
            "ext": ".jpg",
            "alt": "A estatua gigante de Gundam. O Gundam de Odaiba",
            "title": "By Iscream icecream [CC BY-SA 4.0 (https://creativecommons.org/licenses/by-sa/4.0)], from Wikimedia Commons",
            "credito": "https://commons.wikimedia.org/wiki/File:O_Gundam_de_Odaiba.jpg"
        }
    },
    {
        "id": 14,
        "titulo": "A cidade Akihabara",
        "subtitulo": "A cidade reconhecida internacionalmente como o centro otaku",
        "texto": "Lorem ipsum dolor sit amet, consectetur adipiscing elit. Proin id libero ac libero interdum luctus sit amet non nisi. Vivamus id eros ultricies, sagittis diam quis, elementum tortor. Suspendisse ut tellus dapibus, mollis erat ut, viverra diam. Proin ultrices efficitur dolor sit amet consectetur. Integer faucibus elit nec augue scelerisque, sed suscipit nibh ullamcorper. Donec aliquet dapibus eros. Nullam pellentesque velit elit, eget Lorem ipsum dolor sit amet, consectetur adipiscing elit. Proin id libero ac libero interdum luctus sit amet non nisi. Vivamus id eros ultricies, sagittis diam quis, elementum tortor. Suspendisse ut tellus dapibus, mollis erat ut, viverra diam. Proin ultrices efficitur dolor sit amet consectetur. \n Lorem ipsum dolor sit amet, consectetur adipiscing elit. Proin id libero ac libero interdum luctus sit amet non nisi. Vivamus id eros ultricies, sagittis diam quis, elementum tortor. Suspendisse ut tellus dapibus, mollis erat ut, viverra diam. Proin ultrices efficitur dolor sit amet consectetur. Integer faucibus elit nec augue scelerisque, sed suscipit nibh ullamcorper. Donec aliquet dapibus eros. Nullam pellentesque velit elit, eget Lorem ipsum dolor sit amet, consectetur adipiscing elit. Proin id libero ac libero interdum luctus sit amet non nisi. Vivamus id eros ultricies, sagittis diam quis, elementum tortor. Suspendisse ut tellus dapibus, mollis erat ut, viverra diam. Proin ultrices efficitur dolor sit amet consectetur. \n Lorem ipsum dolor sit amet, consectetur adipiscing elit. Proin id libero ac libero interdum luctus sit amet non nisi. Vivamus id eros ultricies, sagittis diam quis, elementum tortor. Suspendisse ut tellus dapibus, mollis erat ut, viverra diam. Proin ultrices efficitur dolor sit amet consectetur. Integer faucibus elit nec augue scelerisque, sed suscipit nibh ullamcorper. Donec aliquet dapibus eros. Nullam pellentesque velit elit, eget Lorem ipsum dolor sit amet, consectetur adipiscing elit. Proin id libero ac libero interdum luctus sit amet non nisi. Vivamus id eros ultricies, sagittis diam quis, elementum tortor. Suspendisse ut tellus dapibus, mollis erat ut, viverra diam. Proin ultrices efficitur dolor sit amet consectetur. \n Lorem ipsum dolor sit amet, consectetur adipiscing elit. Proin id libero ac libero interdum luctus sit amet non nisi. Vivamus id eros ultricies, sagittis diam quis, elementum tortor. Suspendisse ut tellus dapibus, mollis erat ut, viverra diam. Proin ultrices efficitur dolor sit amet consectetur. Integer faucibus elit nec augue scelerisque, sed suscipit nibh ullamcorper. Donec aliquet dapibus eros. Nullam pellentesque velit elit, eget Lorem ipsum dolor sit amet, consectetur adipiscing elit. Proin id libero ac libero interdum luctus sit amet non nisi. Vivamus id eros ultricies, sagittis diam quis, elementum tortor. Suspendisse ut tellus dapibus, mollis erat ut, viverra diam. Proin ultrices efficitur dolor sit amet consectetur. \n",
        "categoria": 2,
        "layout": 1,
        "imagem": {
            "nome": "akihabara",
            "ext": ".jpg",
            "alt": "Foto da cidade Akihabara. Foto de Jezael Melgoza em Unsplash",
            "title": "Download free do whatever you want high-resolution photos from Jezael Melgoza",
            "credito": "https://unsplash.com/@lyonpixel?utm_medium=referral&amp;utm_campaign=photographer-credit&amp;utm_content=creditBadge"
        }
    },
    {
        "id": 15,
        "titulo": "Eiichiro Oda",
        "subtitulo": "Conheça o autor criador de One Piece uma das maiores obras da atualizade",
        "texto": "Lorem ipsum dolor sit amet, consectetur adipiscing elit. Maecenas convallis vel nisi suscipit fringilla. Aliquam at maximus ex. Integer sed posuere dui, a pharetra nisi. Fusce eu dapibus ex, sed efficitur nibh. Orci varius natoque penatibus et magnis dis parturient montes, nascetur ridiculus mus. Quisque sed vestibulum massa. Maecenas interdum ex sed nunc vulputate tincidunt. Nulla neque massa, ultricies at mollis ac, pretium vitae justo. Sed ac pharetra risus, sed fringilla lectus.\nSuspendisse potenti. Nam vitae nunc pretium, aliquet sapien quis, porttitor augue. Nam sed ligula nibh. Nam lobortis condimentum diam a convallis. Vestibulum luctus facilisis arcu, a viverra orci ultricies et. Suspendisse porta, nibh non ullamcorper maximus, arcu arcu tristique ipsum, imperdiet elementum sem augue eu ligula. Cras imperdiet ac justo eget suscipit. Maecenas non tellus efficitur, dictum libero et, tristique ligula. Phasellus iaculis leo leo, nec dictum lorem imperdiet eget. Quisque dapibus vehicula magna, at laoreet magna venenatis in. Aenean sollicitudin quis eros vitae laoreet. Donec commodo turpis commodo odio consectetur sollicitudin. Duis vitae porttitor velit.\nEtiam imperdiet, leo sed pretium gravida, augue dolor fermentum magna, ac ullamcorper libero dolor nec nibh. Donec massa tellus, mollis a turpis eget, imperdiet faucibus nibh. Curabitur pellentesque rhoncus pellentesque. Vestibulum ante ipsum primis in faucibus orci luctus et ultrices posuere cubilia Curae; Vivamus et sollicitudin urna. Donec nec ante fringilla, tincidunt nisi at, mollis odio. Curabitur eu eros sapien. Duis sed hendrerit dolor. In tristique, tortor eget luctus pharetra, leo lacus fringilla leo, eu pharetra dui sem at leo. Phasellus et condimentum odio, sit amet pharetra ante. In suscipit lectus eu lacus tincidunt, eu facilisis dolor pulvinar. Etiam diam magna, iaculis non massa ut, tempus dignissim tellus. Morbi ornare aliquam justo vel interdum. Vestibulum vulputate, mi ac eleifend faucibus, est elit porttitor metus, non consequat tortor sem a risus.\nInteger vitae velit gravida, ultricies elit at, auctor augue. Praesent id eros quis lacus vestibulum dignissim. Nulla ut leo et nulla malesuada sodales. Donec sed elit eget arcu lobortis imperdiet eget quis dolor. Sed mollis est purus, vitae convallis tellus vulputate et. Morbi vitae ultrices magna, ut gravida enim. Quisque non mauris a massa lacinia commodo eget ac justo. Mauris pellentesque suscipit tincidunt. Sed cursus leo eget dictum vehicula. Nam egestas eros risus, et interdum arcu auctor non. Nulla non justo viverra, fermentum enim dapibus, euismod neque. Nullam id sagittis sapien. Donec odio ex, imperdiet eget ipsum a, malesuada bibendum nisl. Mauris a pharetra est, a consectetur magna. Etiam eget efficitur lorem, nec lacinia nulla.",
        "categoria": 1,
        "layout": 1,
        "imagem": {
            "nome": "sign_eiichiro_oda",
            "ext": ".svg",
            "alt": "Assinatura do autor Eiichiro Oda. Eiichiro Oda sign",
            "title": "By 蘭斯特 [Public domain or CC BY-SA 4.0 (https://creativecommons.org/licenses/by-sa/4.0)], from Wikimedia Commons",
            "credito": "https://commons.wikimedia.org/wiki/File:Eiichiro_Oda_sign.svg"
        }
    },
    {
        "id": 16,
        "titulo": "Doraemon",
        "subtitulo": "Conheça um dos mais populares no japão o Doraemon",
        "texto": "Lorem ipsum dolor sit amet, consectetur adipiscing elit. Maecenas convallis vel nisi suscipit fringilla. Aliquam at maximus ex. Integer sed posuere dui, a pharetra nisi. Fusce eu dapibus ex, sed efficitur nibh. Orci varius natoque penatibus et magnis dis parturient montes, nascetur ridiculus mus. Quisque sed vestibulum massa. Maecenas interdum ex sed nunc vulputate tincidunt. Nulla neque massa, ultricies at mollis ac, pretium vitae justo. Sed ac pharetra risus, sed fringilla lectus.\nSuspendisse potenti. Nam vitae nunc pretium, aliquet sapien quis, porttitor augue. Nam sed ligula nibh. Nam lobortis condimentum diam a convallis. Vestibulum luctus facilisis arcu, a viverra orci ultricies et. Suspendisse porta, nibh non ullamcorper maximus, arcu arcu tristique ipsum, imperdiet elementum sem augue eu ligula. Cras imperdiet ac justo eget suscipit. Maecenas non tellus efficitur, dictum libero et, tristique ligula. Phasellus iaculis leo leo, nec dictum lorem imperdiet eget. Quisque dapibus vehicula magna, at laoreet magna venenatis in. Aenean sollicitudin quis eros vitae laoreet. Donec commodo turpis commodo odio consectetur sollicitudin. Duis vitae porttitor velit.\nEtiam imperdiet, leo sed pretium gravida, augue dolor fermentum magna, ac ullamcorper libero dolor nec nibh. Donec massa tellus, mollis a turpis eget, imperdiet faucibus nibh. Curabitur pellentesque rhoncus pellentesque. Vestibulum ante ipsum primis in faucibus orci luctus et ultrices posuere cubilia Curae; Vivamus et sollicitudin urna. Donec nec ante fringilla, tincidunt nisi at, mollis odio. Curabitur eu eros sapien. Duis sed hendrerit dolor. In tristique, tortor eget luctus pharetra, leo lacus fringilla leo, eu pharetra dui sem at leo. Phasellus et condimentum odio, sit amet pharetra ante. In suscipit lectus eu lacus tincidunt, eu facilisis dolor pulvinar. Etiam diam magna, iaculis non massa ut, tempus dignissim tellus. Morbi ornare aliquam justo vel interdum. Vestibulum vulputate, mi ac eleifend faucibus, est elit porttitor metus, non consequat tortor sem a risus.\nInteger vitae velit gravida, ultricies elit at, auctor augue. Praesent id eros quis lacus vestibulum dignissim. Nulla ut leo et nulla malesuada sodales. Donec sed elit eget arcu lobortis imperdiet eget quis dolor. Sed mollis est purus, vitae convallis tellus vulputate et. Morbi vitae ultrices magna, ut gravida enim. Quisque non mauris a massa lacinia commodo eget ac justo. Mauris pellentesque suscipit tincidunt. Sed cursus leo eget dictum vehicula. Nam egestas eros risus, et interdum arcu auctor non. Nulla non justo viverra, fermentum enim dapibus, euismod neque. Nullam id sagittis sapien. Donec odio ex, imperdiet eget ipsum a, malesuada bibendum nisl. Mauris a pharetra est, a consectetur magna. Etiam eget efficitur lorem, nec lacinia nulla.",
        "categoria": 2,
        "layout": 1,
        "imagem": {
            "nome": "doraemon_logo",
            "ext": ".jpg",
            "alt": "Logo Doraemon",
            "title": "By Percymanuel [CC BY-SA 4.0 (https://creativecommons.org/licenses/by-sa/4.0)], from Wikimedia Commons",
            "credito": "https://commons.wikimedia.org/wiki/File:Logo_Doraemon.jpg"
        }
    }
]
